First,Middle,Last
Aemilius,M.,de Augustinis
Gulielmus,F.,Clarke
Josephus,M.,Colle de Vita
Antonius,Van,de Heuvel
Gulielmus,G. R.,Mullan
Joannes,F. X.,O'Conor
Joannes,P. M.,Schleuter
Josephus,P.,de Smedt
Henricus,T. B.,Tarr
Joannes,B.,de Wolf
Franciscus,X. A.,Brady
Joannes,B.,Archambault
Josephus,M.,Ardia
Carolus,P.,Bahan
Joannes,J.,Becket
Petrus,J.,Blenkinsop
Eduardus,D.,Boone
Alphonsus,A.,Boursaud
Eduardus,V.,Boursaud
Franciscus,F.,Bowes
ROBERTUS,W.,BRADY
Franciscus,X.,Brady
D.,Leo,Brand
Patritius,H.,Brennan
Jacobus,J.,Bric
Aloysius,A.,Brosnan
V.,Howard,Brown
Gulielmus,B.,Brownrigg
Joannes,A.,Buckley
Robertus,F.,Byrne
Michael,F.,Byrne
Michael,J.,Byrnes
Gulielmus,H.,Carroll
Joannes,A.,Chester
Antonius,F.,Ciampi
Gulielmus,B.,Cleary
Joannes,M.,Colgan
Joannes,J.,Collins
Jacobus,W.,Collins
Jacobus,W.,Collins
Joannes,A.,Conway
Jacobus,F.,Corbley
Michael,P.,Costin
Gulielmus,R.,Cowardin
Joannes,S.,Coyle
Florentius,J.,Crowley
David,C.,Daly
Joannes,J.,Denn
H.,Carolus,Denny
Eduardus,I.,Devitt
Gulielmus,J.,Doherty
Daniel,A.,Doherty
Michael,C.,Dolan
Simon,P.,Dompieri
Patritius,J.,Dooley
Jacobus,A.,Doonan
Jacobus,A.,Dowling
Michael,P.,Dowling
Joannes,C.,Downs
Joannes,A.,Doyle
Gulielmus,H.,Duncan
Joannes,B.,Emig
Eduardus,X.,Fink
Petrus,P.,Fitzpatrick
Michael,J.,Fleming
G.,Aloysius,Fortier
Thomas,J.,Freeman
Eugenius,L.,French
Joannes,P.,Frieden
Carolus,H.,Fulmer
Hippolytus,L.,Gache
Joannes,B.,Gaffney
Joannes,F.,Galligan
Thomas,J.,Gannon
Thomas,J.,Gannon
Jacobus,T.,Gardiner
Jacobus,T.,Gardiner
Thomas,J.,Gasson
Josephus,F.,Gerlach
Joannes,J.,Gillespie
Eduardus,J.,Gleeson
Frid.,Gulielmus,Gockeln
Josephus,A.,Gorman
Virgilius,S.,Gouldin
Gulielmus,F.,Gregory
Gulielmus,F.,Gregory
Patritius,A.,Halpin
Gulielmus,F.,Hamilton
Joannes,H.,Hammil
Josephus,H.,Hann
Joannes,F.,Harkins
Joannes,C.,Hart
Daniel,A.,Haugh
Thomas,W.,Hayes
Patritius,F.,Healy
Joannes,T.,Hedrick
Carolus,H.,Heichemer
Hubertus,J.,Heidenreich
Michael,P.,Hill
Eugenius,F.,Hill
Josephus,J.,Himmelheber
Michael,P.,Hogan
Jacobus,F.,Holland
Fridericus,J.,Holland
Martinus,J.,Hollohan
Aloysius,J.,Jacquet
Alexius,L.,Jamison
Carolus,K.,Jenkins
Josephus,M.,Jerge
Carolus,C.,Jones
Patritius,A.,Jordan
Gulielmus,H.,Judge
Joannes,Bapt.,Jungck
Andreas,P.,Keating
Jacobus,V.,Kelley
Stephanus,A.,Kelly
Dionysius,A.,Kelly
Thomas,P.,Kernan
Henricus,de,Laak
Joannes,B.,Lamb
Carolus,C.,Lancaster
Clemens,S.,Lancaster
Joannes,F.,Lehy
Joannes,F.,Lehy
Hugo,A.,Loague
Daniel,I.,Lowry
Arthurus,J.,MacAvoy
Arthurus,J.,MacAvoy
Hugo,L.,Magevney
Bernardus,A.,Maguire
Joannes,F.,Mahan
Antonius,M.,Mandalari
Joannes,B.,Mattingly
Josephus,A.,Mattson
Patritius,J.,McGinney
Franciscus,X.,McGovern
Franciscus,W.,McGurk
Franciscus,W.,McGurk
Eduardus,A.,McGurk
Jacobus,A.,McHugh
Nilus,N.,McKinnon
Milesius,A.,McLoughlin
Theobaldus,M.,McNamara
Patritius,A.,McQuillan
Josephus,H.,Meuffels
Joannes,B.,Meurer
Augustinus,K.,Meyer
Ferdinandus,A.,Moeller
Joannes,A.,Morgan
Franciscus,B.,Moyer
Joannes,B.,Mullaly
Joannes,M.,Murphy
Joannes,M.,Murphy
Michael,S.,Murphy
Josephus,A.,Murphy
Joannes,J.,Murphy
Joannes,B.,Nagle
Jacobus,P.,Neale
Jacobus,P.,Neale
Fabianus,S.,Noel
Michael,A.,Noel
Franciscus,X.,Nopper
Thomas,J.,O'Brien
Jacobus,V.,O'Connell
Jacobus,J.,O'Connor
Michael,A.,O'Kane
Joannes,B.,O'Leary
Joannes,J.,O'Neill
Jacobus,T.,O'Sullivan
Joachim,P.,Pont
Fridericus,de,Pooter
Franciscus,P.,Powers
Josephus,J.,Prendergast
Hugo,A.,Quin
Patritius,F.,Quinn
Joan.,F.,Quirk
Petrus,O.,Racicot
Thomas,A.,Reid
Henricus,Van,Rensselaer
Josephus,H.,Richards
Gulielmus,J.,Richley
Petrus,A.,Roche
Joannes,J.,Rodock
Gulielmus,B.,Rogers
Joannes,J.,Ryan
Franciscus,Xav.,Sadlier
Henricus,J.,Sandaal
Georgius,F.,Schaffner
Franciscus,X.,Scheuren
Josephus,V.,Schmidt
Henricus,J.,Shandelle
Thomas,M.,Sheerin
Eduardus,J.,Sourin
Thomas,H.,Stack
Carolus,H.,Stonestreet
Georgius,I.,Strong
Cornelius,B.,Sullivan
Joannes,S.,Sumner
Gulielmus,H.,Sumner
Jacobus,J.,Tehan
Joannes,J.,Thorn
Archibaldus,J.,Tisdall
Patritius,H.,Toner
Aloysius,X.,Valente
Franciscus,J.,Vallazza
Thomas,J.,Walsh
Jacobus,A.,Ward
Eduardus,H.,Welch
Gulielmus,T.,Whiteford
Henricus,W.,Wolters
Josephus,M.,Woods
Josephus,I.,Ziegler
Henricus,,Hudon
Augustinus,,Regnier
Augustus,,Thebaud
Carolus,,O'Connor
David,,Merrick
Franciscus,,Michel
Hector,,Glackmeyer
Henricus,,Duranquet
Henricus,,Terenziani
Joannes,,Holzer
Josephus,,Prachensky
Josephus,,Shea
Josephus,,Vetter
Mauritius,,Ronayne
Patritius,,Dealy
Patritius,,McQuaid
Paulus,,Mignard
Raphael,,Gelinas
Ricardus,,Whyte
Samuel,,Frisbee
Theodorus,,Thiry
Aloysius,,Drummond
Joannes,,Cunningham
Michael,,O'Brien
Daniel,,MacGoldrick
Georgius,,Lucas
Hugo,,Langlois
Andreas,,Rapp
Joannes,,Whitney
Petrus,,Cooney
Aemilius,,Risler
Conradus,,Meyer
Franciscus,,McCloskey
Gulielmus,,Rache
Joannes,,Dowdle
Joannes,,Flood
Joannes,,Welsh
Josephus,,Koerner
Mathaeus,,O'Connor
Michael,,Rogers
Nicolaus,,Litique
Onesymus,,Thibault
Patritius,,Souren.
Senanus,,Mangan
Theodulus,,Vachon
Thomas,,Gormley
Thomas,,McShane
Timotheus,,McNamara
Joannes,,Fitzpatrick
Ludovicus,,Jouin
Michael,,Driscol
Nicolaus,,Hanrahan
Patritius,,O'Reilly
Joannes,,McAuley
Alfredus,,Brosnan
Gulielmus,,Cornell
Franciscus,,Gunn
Josephus,,Zwinge
Carolus,,Williams
Joannes,,Keveney
Daniel,,McElhinney
Henricus,,Kavanagh
Jeremias,,Coleman
Joannes,,Scully
Thomas,,Wallace
Antonius,,Dooher
Dionysius,,Hogan
Fridolinus,,Haefele
Gulielmus,,Hennen
Henricus,,McCabe
Jacobus,,Early
Jacobus,,Egan
Jacobus,,Mallen
Joannes,,Quin
Joannes,,Sheerin
Josephus,,Bradley
Josephus,,Byrne
Julius,,Mace
Leo,,Kutter
Ludovicus,,Kaiser
Matthaeus,,Gilshannen
Mauritius,,Roach
Nicholaus,,Paradise
Patritius,,Corrigan
Patritius,,Muldoon
Patritius,,Smith
Philippus,,Ledore
Thomas,,Hallahan
Joannes,,Treanor
David,,Walker
Allanus,,McDonell
Carolus,,Petitdemange
Gulielmus,,Moylan
Carolus,,Brendle
Elias,,Cote
Joel,,Miville
Michael,,Kays
Josephus,,Durthaller
Joannes,,Hackspiel
Josephus,,Busam
Isidorus,,Daubresse
Augustus,,Langcake
Joannes,,Finnegan
Patritius,,Gleason
Raphael,,Dewey
Raphael,,O'Connell
Antonius,,Maas
Michael,,Conway
Dionysius,,McCarthy
Patritius,,Kernan
Dionysius,,O'Sullivan
Patritius,,Murphy
Eduardus,,Spillane
Thomas,,Haggerty
Eduardus,,Magrath
Josephus,,Renaud
Gulielmus,,Duffy
Josephus,,Stadelman
Henricus,,Rache
Ludov,,Weber
Jacobus,,Mulvaney
Patritius,,Mulry
Joannes,,Pittar
Thomas,,Callanan
Dominicus,,Leischner
Franciscus,,Vachon
Gulielmus,,Donovan
Jacobus,,McCloskey
Jeremias,,Flaherty
Joannes,,Langan
Joannes,,Paffe
Patritius,,Farrell
Ricardus,,Purcell
Gulielmus,,Duffy
Stephanus,,Bueno
Joannes,,Nicholson
Gulielmus,,Curley
Joannes,,Condon
Carolus,,Murray
Joannes,,Greene
Petrus,,Kayser
Thomas,,Harlin
Matthaeus,,O'Rourke
Gulielmus,,Coyle
Josephus,,Hanselman
Michael,,Cunningham
Patritius,,Deane
Joannes,,Griffin
Cornelius,,Clifford
Eduardus,,Kane
Gulielmus,,Cunningham
Gulielmus,,Ennis
Gulielmus,,McDonough
Gulielmus,,Richmond
Jacobus,,Mugan
Patritius,,Casey
Ricardus,,Ryan
Thomas,,Cryan
Joannes,,Brosnan
Rufus,,Duff
Geraldus,,Bergan
Eduardus,,Reynaud
Joannes,,O'Connell
Joannes,,Quin
Michael,,Yungfleisch
Robertus,,Dockery
Simon,,Murphy
Geraldus,,Barry
Thomas,,Murray
Jacobus,,O'Brien
Josephus,,Mooney
Petrus,,Tansey
Jacobus,,Dwyer
Petrus,,Hayes
Josephus,,Loyzance
Florentinus,,Achard
Franciscus,,Marechal
Josephus,,Delabays
Michael,,Nash
Martinus,,Ealy
Thomas,,Hogue
Jacobus,,Clark
Jacobus,,Curley
Franciscus,,Goeding
Aloysius,,Roth
Antonius,,McNerney
Bartholomaeus,,Doyle
Daniel,,Clarke
Gulielmus,,Dugan
Gulielmus,,McElaney
Henricus,,Rimbaugh
Jacobus,,Marley
Jacobus,,O'Sullivan
Joannes,,Daly
Patritius,,Sears
Ricardus,,Dugan
Thaddaeus,,McKenna
Thomas,,Dougherty
Thomas,,Gavan
Thomas,,O'Connor
Thomas,,Shanahan
Aloysius,,Rocoffort
Martinus,,Whelan
Patritius,,Forhan
Daniel,,Lynch
Cornelius,,Gillespie
Cornelius,,Gillespie
Antonius,,Romano
Thomas,,Kelly
Jacobus,,Simeon
Daniel,,McLaughlin
Edmundus,,Shanahan
Joannes,,Fortescue
Laurentius,,Gutting
Patritius,,Cassidy
Ricardus,,O'Connell
Timotheus,,Sullivan
Bernardus,,Toale
Alexander,,Mascia
Aloysius,,Benassai
Eduardus,,Connolly
Franciscus,,O'Neill
Fridericus,,Hagemann
Abraham,,Emerick
Gulielmus,,Gannon
Gulielmus,,Hayes
Gulielmus,,Stanton
Timotheus,,Barrett
Thomas,,McLoughlin
Blasius,,Walch
Franciscus,,Bausenwein
Jacobus,,Doyle
Joannes,,Derks
Joannes,,Hogan
Joannes,,O'Sullivan
Joannes,,Rowley
Joannes,,Sheehy
Martinus,,O'Neill
Michael,,Carroll
Michael,,Ryan
Ricardus,,Barrett
Thaddaeus,,Begley
Thomas,,Kennedy
Jacobus,,Noonan
Thomas,,Carberry
Joannes,,Hilbert
Martinus,,Ledogar
Jacobus,,Perron
Aloysius,,Sabetti
Benedictus,,Sestini
Blasius,,Schiffini
Carmelus,,Polino
Carolus,,Piccirillo
Dominicus,,Pantanella
Gulielmus,,Loague
Januarius,,Degni
Salvator,,Brandi
Alphonsus,,Dufour
Casparus,,Leib
Gulielmus,,Kinsella
Henricus,,Moeller
Hieronymus,,Daugherty
Jacobus,,Becker
Patritius,,Murphy
Timotheus,,O'Leary
Aloysius,,Robaut
Daniel,,McErlane
Hermannus,,Blumensaat
Jacobus,,Hoeffer
Jacobus,,O'Sullivan
Nicolaus,,Schlechter
Thomas,,Fitzgerald
Eugenius,,McSwyney
Fabianus,,Garbely
Petrus,,Flanagan
Samuel,,Cahill
Aloysius,,Kuhnen
Eduinus,,Kelly
Hugo,,Finnegan
Ludovicus,,Leblanc
Patritius,,O'Connell
Thomas,,Flynn
Augustinus,,Hugh
Carolus,,Klein
Eduardus,,McTammany
Franciscus,,Fullerton
Jeremias,,Driscoll
Joannes,,Fox
Joannes,,Pahls
Alexander,,Freund
Florentinus,,Bechtel
Gulielmus,,Lawlor
Hermannus,,Meiners
Joannes,,O'Rourke
Laurentius,,Kavanagh
Patritius,,Mulconry
Robertus,,Stein
Alfredus,,Blatter
Augustinus,,Effinger
Eduardus,,Gaffney
Franciscus,,Craft
Franciscus,,Cummings
Franciscus,,Klocker
Fridericus,,Tourtelot
Gulielmus,,Clark
Gulielmus,,Power
Gulielmus,,Quigley
Gulielmus,,Walsh
Jacobus,,Power
Joannes,,Clarke
Joannes,,Wynne
Nicolaus,,Davis
Patritius,,Casey
Patritius,,Kelly
Philippus,,Cappel
Thomas,,Murphy
Alexander,,Walsh
Cajetanus,,Campone
Cornelius,,Reardon
Daniel,,Fortescue
Daniel,,Mason
Eduardus,,Green
Gulielmus,,Hil
Henricus,,Dugan
Jacobus,,O'Kane
Joannes,,Cunningham
Joannes,,Siebers
Michael,,Foley
Michael,,Keenan
Patritius,,Gallagher
Patritius,,Gilmore
Patritius,,McGlone
Raphael,,Vezza
Theodorus,,Vorbrinck
Thomas,,Crowley
Thomas,,Ekins
Arthurus,,Gormley
Livius,,Vigilante
Bernardus,,Gaffney
Basilius,,Pacciarini
Jacobus,,McDonnell
Bernardus,,Wiget
Gulielmus,,Scanlan
Jacobus,,Major
Jacobus,,Cotting
Mauritius,,Cavanagh
Robertus,,Fulton
Alphonsus,,Charlier
Jeremias,,O'Connor
Joannes,,Bapst
Nicolaus,,Russo
Timotheus,,Brosnahan
Eduardus,,Kelly
Jacobus,,McCloskey
Joannes,,Curran
Joannes,,Moriarty
Timotheus,,Fealy
Joannes,,Lynch
Joannes,,McElroy
Ignatius,,Bellwalder
Caspar,,Menke
Albertus,,Peters
Gulielmus,,Tynan
Gulielmus,,Tynan
Antonius,,Beckman
Jacobus,,O'Neill
Jacobus,,Strain
Joannes,,Farrell
Michael,,Hogan
Michael,,Lostus
Michael,,O'Sullivan
Joannes,,McQuaid
Georgius,,Kenny
Eduardus,,Doucet
Michael,,Flynn
Franciscus,,Smith
Ignatius,,Renaud
Jacobus,,Fagan
Jacobus,,Wellworth
Georgius,,Fargis
Jacobus,,Smith
Robertus,,Pardow
Joannes,,Cullin
Joannes,,Freeth
Josephus,,Kain
Nicholaus,,Schu
Patritius,,Brady
Patritius,,Ranahan
Josephus,,Enders
Franciscus,,Casey
Georgius,,Villiger
Petrus,,Manus
Thomas,,Finnegan
Hugo,,McGunegle
Michael,,Donohue
Augustinus,,Bally
Burchardus,,Villiger
Alphonsus,,Coppens
Carolus,,Cicaterri
Franciscus,,McAtee
Robertus,,Hamilton
Aloysius,,Romano
Patritius,,Duddy
Joannes,,Dowling
Eduardus,,Donnelly
Michael,,Cashman
Dionysius,,O'Kane
Michael,,Nash
Thomas,P.,Kernan
Henricus,,Van Rensselaer
Thomas,,Campbell
Jacobus,,Casey
Petrus,,Kerr
Gulielmus,,Treacy
Georgius,,Quin
Joannes,,Broderick
Patritius,,Claven
Matthaeus,,O'Rourke
Benedictus,,Guldner
Petrus,,Cassidy
Joannes,,Prendergast
Gulielmus,,Pardow
Franciscus,W.,McLaughlin
Michael,,Mulry
Michael,J.,Hughes
Edmundus,J.,Voung
Augustus,,Muller
ANTONIUS,,MAAS
Jacobus,J.,Carlin
Josephus,H.,Ramspacher
Alphonsus,J.,Donlon
Jacobus,J.,Carlin
Josephus,J.,Himmel
David,W.,Hearn
Josephus,,Zwinge
Gulielmus,J.,Ennis
Josephus,M.,Renaud
Carolus,W.,Lyons
Georgius,A.,Keelan
Gulielmus,J.,Conway
Michael,F.,Byrne
Josephus,Faber,
Jacobus,F. X.,Mulvaney
Josephus,H.,Rockwell
Thomas,E.,Murphy
Georgius,J.,Krim
Joannes,J.,Greene
Georgius,J.,Krim
Thomas,J.,Gartland
Petrus,W.,Leonard
Carolus,P.,Gisler
Josephus,A.,Mulry
Jacobus,F.,McDermott
Thomas,J.,McCluskey
Henricus,J.,Lyons
Alphonsus,J.,Donlon
David,J.,Roche
Eduardus,M.,Corbett
Josephus,J.,Himmel
Laurentius,J.,Kelly
Thomas,F.,White
Thomas,S.,Harlin
David,W.,Hearn
Augustinus,A.,Miller
Gulielmus,H.,Walsh
Joannes,H.,O'Rourke
Joannes,,Corbett
J.,Carolus,Davey
Benedictus,J.,Smith
Franciscus,J.,Lamb
Georgius,A.,Pettit
Thomas,J.,Gannon
Geraldus,A.,Dillon
Jacobus,B.,Matthews
Carolus,F.,Bridges
Josephus,N.,Dinand
Joannes,J.,Fleming
Eugenius,DeL.,McDonnell
Joannes,C.,Geale
Josephus,F.,Hanselman
Josephus,A.,McEneany
Joannes,J.,Collins
Joannes,,Harpes
Josephus,,McLoughlin
Eduardus,D.,Boone
Timotheus,,Brosnahan
Alphonsus,,Coppens
Joannes,M.,Coughlan
Thomas,J.,Delihant
Joannes,H.,Finnegan
Ricardus,A.,Fleming
Georgius,E.,Kelly.
Henricus,W.,McLoughlin
Jacobus,I.,Moakley
Petrus,J.,O'Carroll
Justinus,J.,Ooghe
Michael,A.,Purtell
Gulielmus,F. X.,Sullivan
Joannes,D.,Whitney
Josephus,I.,Ziegler
Josephus,,Zwinge
Jacobus,J.,Becker
Jacobus,C.,Flood
Ludovicus,,Halliwell
Joannes,H.,Murray.
Gulielmus,A.,Nevin
Franciscus,W.,O'Hara
Gualterus,G.,Summers
Joannes,J.,Duffy
Joannes,A.,Fortescue
Joannes,H.,Hammill
Jacobus,J.,McGrogan
Thomas,,McShane
Stanislaus,,Siczko
Thomas,A.,Becker
Eduardus,S.,Brock
Gustavus,,Caballero
Alphonsus,,Charlier
Joannes,G.,Coveney
Georgius,,de Butler
Gulielmus,,Devlin
Joannes,F.,Fitzpatrick
Matthaeus,L.,Fortier
Joannes,J.,Geoghan
Jacobus,A.,Gillespie
Joannes,E.,Hurley
Michael,,Jessup
Joannes,S.,Keating
Carolus,E.,Lane
Henricus,A.,Leary
Jacobus,A.,McGivney
Jacobus,F.,Mellyn
Thomas,H.,Miley
Jacobus,J.,O'Connor
Timotheus,,O'Leary
Joannes,F.,Quirk
Gulielmus,J.,Stanton
Josephus,F.,Beglan
Joannes,J.,Bernard
Josephus,A.,Dougherty
Franciscus,X.,Doyle
Allen,F.,Duggin
Joannes,H.,Fasy
Gulielmus,H. A.,Hannas
Josephus,R.,Hurley
Gulielmus,F.,Jordan
Albertus,H.,Klocke
Eduardus,P.,Lamb
Hugo,A.,Leckie
Josephus,T.,Lowry
Gulielmus,F.,McFadden
Joannes,J.,Monahan
Franciscus,F.,Murphy
Gulielmus,K.,Murphy
Gulielmus,E.,Neagle
Carolus,E.,Schmidt
Henricus,P.,Wennerberg
Josephus,,Erhard
Josephus,,Gazda
Jacobus,A.,Leddy
Ignatius,,Novik
Thomas,P.,O'Donnell
Franciscus,C.,Schroen
Jacobus,J.,Bric
Patritius,J.,Casey
Jacobus,M.,Cotter
Gulielmus,R.,Cowardin
Franciscus,B.,Goeding
Patritius,F.,McCarthy
Carolus,J.,McIntyre
Joannes,A.,Moore
Stanislaus,,Palermo
Gulielmus,J.,Tynan
Antonius,,Beckmann
Thomas,,Hogue
Henricus,J.,Rache
Joannes,P. M.,Schleuter
Joannes,B.,Schmandt
Michael,,Hogan
Hermannus,J.,Adelman
Josephus,G.,Causey
Gulielmus,F.,Clark
Patritius,J.,Cormican
Joannes,E.,McQuade.
Joannes,A.,Morgan
Cornelius,A.,Murphy.
Joannes,J.,Neary.
Joannes,J.,O'Connor
Thomas,A.,Reid
Joannes,A.,Stedler
Redmond,J.,Walsh
Joannes,J.,Brown
Patritius,J.,McHugh
Joannes,X.,Regan
Carolus,J.,Robinson
Joannes,B.,Ryan
Thomas,A.,Shanahan
Josephus,F.,Sullivan
Aloisius,M.,Thibbitts
Patritius,,Anglin
Daniel,J. R.,Culkin
Jacobus,,Marley
Joannes,G.,Hacker
Hermannus,J.,Maeckel
Jacobus,T.,McCormick
Henricus,A.,McGarvey
Josephus,H.,Richards
Paulus,V.,Rouke
Franciscus,X.,Sindele
Moorhouse,I. X.,Millar
Ricardus,B.,Schmitt
Audoenus,,Campbell
Gulielmus,J.,Luddy
Ludovicus,G.,Bonvin
Fridericus,J.,Bunse
Philippus,H.,Burkett
Bernardus,C.,Cohausz
Franciscus,X.,Delhez
Arthurus,S.,Hart
Joannes,,Jutz
Raphael,V.,O'Connell
Leo,,Osterrath
Henricus,,Wolff
Josephus,P.,Gorayeb
Georgius,G.,Hogan
Aloisius,R.,Mack
Josephus,B.,Morning
Thomas,J. M.,Quinn
Thomas,A.,Ward
Henricus,J.,Wiesel
Joannes,B.,Gerber
Georgius,,Haug
Georgius,,Hermann
Georgius,,Sandheinrich
Petrus,,Schapertons
Philippus,,Schneider
Josephus,,Stamen
Franciscus,,Marchl
Henricus,,Nelles
Josephus,M.,Offergeld
Gustavus,,Reinsch
Gulielmus,,Brombach
Rudolphus,,Kiel
Georgius,,Metzger
Franciscus,X.,Aigner
Thomas,J.,Barrett
Josephus,,Busam
Patritius,M.,Collins
Thomas,F.,Graham
Joannes,B.,Kelleher
Josephus,G.,Kirchmyer
Milesius,A.,McLoughlin
Michael,J.,O'Shea
Robertus,F. X.,Reynolds
Georgius,W.,Wall
Thomas,G.,Wallace
Gulielmus,R.,Crawford
Franciscus,J.,Driscoll
Josephus,A.,Fortescue
Jacobus,A.,Harmon
Stephanus,A.,Koen
Carolus,H.,Mahan
Paulus,F.,Parsons
Adolphus,,Alekszunas
Joannes,F.,McTiernan
Stephanus,,Power
Ferdinandus,,Steimer
Cajetanus,,Bertolero
Edmundus,J.,Burke
Jacobus,T.,Casey
Joannes,J.,Cassidy
Joannes,A.,Cotter
Joannes,H.,Farley
Hugo,A.,Gaynor
Aloisius,J.,Guiney
Joannes,C.,Hart
Audoenus,A.,Hill
Robertus,H.,Johnson
Josephus,T.,Keating
Joannes,B.,Kreidler
Michael,J.,Mahony
Ricardus,,Martin
Carolus,J.,Mullaly
Joannes,F. X.,Murphy
Franciscus,D.,O'Laughlin
Michael,J.,Tully
Henricus,C.,Avery
Carolus,J.,Dean
Albertus,M.,Ewing
Ludovicus,J.,Gallagher
Vincentius,L.,Keelan
Josephus,M. A.,Kelly.
Jacobus,M.,Leavey
Joannes,A.,Mattimore
Eduardus,M. A.,Morning
Josephus,A.,Mulry
Daniel,J.,Quigley
Gulielmus,C.,Repetti
Georgius,F.,Strohaver
Julius,V.,Alekszunas
Leo,M.,Cavanaugh.
Gulielmus,F.,Lawton
Joannes,V.,Mahony
Georgius,,Mansell
Daniel,,McCarthy
Joannes,,O'Neill
Nicolaus,,Paradise
Joannes,H.,Spiess
Daniel,F.,Sullivan
Henricus,,Wirtz
Petrus,,Archer
Jacobus,B.,Becker
Cyrillus,,Briones
Aloisius,P.,Brosnan
Joannes,A.,Conway
Joannes,B.,Creeden
Eduardus,I.,Devitt
Thomas,A.,Emmet
Thomas,I.,Gasson
Joannes,L.,Gipprich
Hugo,J.,McNulty
Joannes,F. X.,O'Conor
Henricus,J.,Shandelle
Gulielmus,T.,Tallon
Franciscus,A.,Tondorf
Joannes,J.,Toohey
Franciscus,X.,Byrnes
Jacobus,H.,Dolan
Leo,A.,Dore
Franciscus,L.,Fenwick
Gulielmus,H.,Graham
Georgius,E.,Hanlon
Carolus,G. I.,Herzog
Gulielmus,G.,Logue
Franciscus,A.,McQuade
Arthurus,A.,O'Leary
Jacobus,A.,Walsh
Martinus,L.,Zillig
Jeremias,J.,Crough
Ricardus,F.,Furlong
Martinus,,Gallagher
Virgilius,L.,Golden
Antonius,J.,Herr
Fridericus,,Lang
Jacobus,,McCloskey
Michael,,McHugh
Ferdinandus,,Picone
Carolus,J.,Ramage
Jacobus,,Slicer
Patritius,,Traynor
Patritius,H.,Brennan
Eduardus,J.,Magrath
Joannes,F.,O'Donovan
Robertus,,Dockery
Vincentius,,Gulla
Joannes,W.,Casey
Gulielmus,F.,Cunningham
Philippus,J.,Debold.
Josephus,A.,Gorman
Joannes,,La Farge
Terentius,J.,Boyle
Josephus,P.,Carney
Joannes,E.,Condon
Franciscus,R.,Donovan
Georgius,A.,Fargis
Philippus,M.,Finegan
Eduardus,X.,Fink
Joannes,C.,Harmon
Joannes,A.,Jansen.
Joannes,B.,Jungck
Franciscus,J.,Lenahan
Franciscus,T.,McCarthy
Joannes,D.,McCarthy
Michael,R.,McCarthy
Aloisius,,Pfeil
Henricus,C.,Semple
Joannes,J.,Wynne
Georgius,T.,Eberle
Bernardus,A.,Fuller
Carolus,H.,Hessel
Dionysius,L.,McCarthy
Franciscus,L.,Reilly
Daniel,F.,Ryan
Arthurus,J.,Sheehan
Joannes,,Ditman
Patritius,,Donlon
Dionysius,,Hogan
Eduardus,E.,Ponholzer
Mauritius,,Roach
Michael,,Vizard
Franciscus,,Barnum
Paulus,L.,Blakely
Thomas,I.,Cryan
Patritius,J.,Dooley
Gualterus,,Dwight
Joannes,H.,Fisher
Joannes,W.,Fox
Franciscus,B.,Hargadon
Josephus,C.,Husslein
Henricus,A.,Judge
Michael,,Kenny
Jacobus,M.,Kilroy
Patritius,F.,O'Gorman
Georgius,E.,Quin
Ricardus,E.,Ryan
Martinus,J.,Scott
Josephus,H.,Smith
Josephus,M.,Stadelman
Christophorus,A.,Sullivan
Ricardus,H.,Tierney
Joannes,D.,Wheeler
Franciscus,L.,Archdeacon
Carolus,L.,Bernhardt
Philippus,A.,Conniff
Franciscus,X.,Downey
Jacobus,T.,Hayes
Josephus,S.,Knight
Paulus,G.,Rohr
Franciscus,X.,Talbot
Josephus,B.,Glynn
Thomas,F.,Lafferty
Adamus,J.,Miller
Thomas,J.,O'Hara
Patritius,K.,Wallace
Calogerus,,Battaglia
Josephus,,Gennaro
Henricus,,Longo
Dionysius,,Lynch
Augustinus,,Biazzo
Joannes,,Doran
Daniel,J.,Quinn
Terentius,J.,Shealy
Claudius,,Ramaz
Eduardus,F.,Gallagher
Gulielmus,F.,Gannon
Josephus,P.,Green
Benedictus,,Guldner
Gulielmus,J.,O'Gorman
Joannes,,O'Hara
Michael,A.,O'Kane
Josephus,P.,O'Reilly
Josephus,J.,Prendergast
Patritius,,Quill
Gulielmus,S.,Singleton
Eduardus,P.,Spillane
Gulielmus,M.,Stinson
Jacobus,A.,Taaffe
Robertus,J.,Tracy
Cornelius,L.,Bulman
Georgius,A.,Connors
Gulielmus,E.,Daly
Joannes,A.,Egan
Eduardus,J.,Flahaven
Arthurus,J.,Hohmann
Jacobus,B.,Mahoney
Joannes,F.,McNally
Alfredus,B.,Oates
Oliverius,B.,Skelly
Gulielmus,A.,Storck
Jacobus,F.,Carroll
Thomas,F.,Gear
Georgius,F.,Schaffner
Antonius,,Scherf
Ferdinandus,,Stengel
Jacobus,J.,Walsh
Albertus,G.,Brown
Patritius,H.,Casey
Gulielmus,H. A.,Coyle
Bernardus,,Keany
Patritius,H.,Kelly
Jacobus,I.,Maguire
Theobaldus,M.,McNamara
Joannes,P. M.,Walsh
Franciscus,M.,Connell
Petrus,F.,Cusick
Franciscus,P.,Donnelly
Jacobus,T.,Gardiner
Joannes,T.,Hedrick
Arthurus,J.,McCaffray
Patritius,A.,McQuillan
Patritius,J.,O'Connell
Michael,J.,Ahern
Carolus,F.,Arnold
Romualdus,,Benedet
Joannes,J.,Bolster
Henricus,M.,Brock
Jones,I. J.,Corrigan
Josephus,J.,Daley
Franciscus,X.,Delany
Arthurus,,DÃ©ry
Josephus,S.,Didusch
Aemilius,,Fontaine
Augustus,M.,Fremgen
Henricus,J.,Hagen
Dominicus,E.,Hammer
Franciscus,J.,Kelly
Carolus,L.,Kimball
Carolus,,King
Emmanuel,S.,Kouba
Vitus,,Leclaire
Eduardus,J.,Moran
Gulielmus,E.,Murphy
Ricardus,A.,O'Brien
Eduardus,C.,Phillips
Thomas,J.,Reilly
Felix,A.,Rossetti
Marcus,J.,Smith
Hermannus,I.,Storck
Florentius,,Sullivan
Thomas,I.,Tully
Carolus,,Vandriessche
Henricus,P.,White
Stephanus,A.,Boyle
Josephus,F.,Busam
Joannes,P.,Delaney
Thomas,Augustinus,Fay
Florentius,M.,Gillis
Antonius,M.,Guenther
Gulielmus,G.,Kelley
Emeranus,J.,Kolkmeyer
Robertus,S.,Lloyd
Jacobus,J.,McDermott
Jacobus,D.,Nugent
Gulielmus,B.,O'Shaughnessy
Jacobus,V,O'Sullivan
Franciscus,J.,Reilly
Franciscus,J.,Ruppel
Joannes,A.,Tobin
Joannes,H.,Collins
Thomas,Aloisius,Fay
Carolus,J.,Foley
Fridericus,W.,Henfling
Aloisius,J.,Kelsch
Bernardus,A.,Leeming
Josephus,F.,McAree
Hugo,M.,McCarron
Gulielmus,J.,McGarry
Eugenius,P.,Murphy
Fridericus,G.,O'Neill
Eduardus,S.,Poutie
Gulielmus,W.,Rice
Josephus,A.,Slattery
Joannes,J.,Smith
Josephus,J.,Weitekamp
Joannes,F,Barry
Ricardus,J.,Barter
Joannes,M.,Butcher
Thomas,P.,Butler
Gulielmus,A.,Carey
Daniel,A.,Creed
Daniel,J.,Curoe
Jacobus,F.,Dolan
Fridericus,J.,Donovan
Franciscus,X.,Dougherty
David,J.,Duncan
Jacobus,A.,Fennell
Joannes,E.,Grattan
Gulielmus,J.,Hoar
Jacobus,J.,Kelley
Eugenius,E.,McCarthy
Stephanus,F.,McNamee
Raymundus,J.,McWilliams
Josephus,T.,O'Brien
Joannes,F.,O'Hurley
Timotheus,J.,Phelan
Josephus,J.,Reilly
Josephus,,Reith
Robertus,T.,Smith
Joannes,A.,Waldron
Joannes,J.,Smith
Raymundus,J.,McWilliams
Antonius,J.,Bleicher
Jacobus,M.,Duff
Fridericus,R.,Frohnhoefer
Franciscus,E.,Garner
Cornelius,A.,Herlihy
Leo,H.,O'Hare
Franciscus,X.,Peirce
Oswald,A.,Reinhalter
Aloisius,S.,Travers
Josephus,A.,La Porta
Josephus,B.,Walsh
Alfredus,M.,Bauer
Jacobus,L.,Brennan
Jacobus,G.,Conroy
Henricus,G.,Farley
Joannes,M.,Gallagher
Robertus,I.,Gannon
Raymundus,R.,Goggin
Josephus,F.,Haitz
Josephus,M.,Kelly
David,V.,McCauley
Joannes,J.,McLaughlin
Franciscus,A.,Mulligan
Jacobus,T.,Mulligan
Henricus,V.,O'Neil
Eduardus,M.,Sullivan
Petrus,J.,Torpy
Thomas,M.,Welsh
Arthurus,L.,English
Franciscus,T.,Carey
Robertus,A.,Dyson
Thomas,J.,Feeney
Laurentius,A.,Walsh
Joannes,A.,Pollock
Josephus,T.,Rice
Grattan,T.,Walls
Hayne,R.,Martin
Dionysius,J.,Comey
Michael,J.,Dougherty
Albertus,F.,Driscoll
Carolus,J.,Gallagher
Leo,J.,Gilleran
Gulielmus,A.,Glaeser
Gualterus,B.,Lloyd
Joannes,J.,Lynch
Josephus,C.,Manley
Thomas,L.,Matthews
Henricus,B.,McCullough
Josephus,E.,McManus
Joannes,J.,Reed
Bernardus,V.,Shea
Gulielmus,R.,Stearns
Jacobus,A.,Walsh
Henricus,E.,Bean
Andreas,L.,Bouwhuis
Jacobus,G.,Colligan
Forrest,S.,Donahue
Morgan,A.,Downey
Antonius,L.,Gampp
Thomas,C.,Hughes
Joannes,J.,Kehoe
Eduardus,J.,Kenna
Josephus,,Merrick
Jeremias,F.,O'Keefe
Alfredus,A.,Purcell
Robertus,L.,Ryan
Leonardus,A.,Sapienza
Joannes,G.,Setter
Sidney,J.,Smith
Jacobus,P.,Sweeney
Joannes,F.,Treubig
Josephus,C.,Wieckmann
Thomas,J.,Brown
Jacobus,E.,Creahen
Leonardus,E.,Feeney
Albertus,E.,Foster
Joannes,J.,Hanrihan
Robertus,A.,Hewitt
Patritius,J.,Higgins
David,J.,Moran
Stephanus,A.,Mulcahy
Haroldus,,Mulqueen
Gulielmus,J.,Murphy
Gulielmus,A.,Scalley
Georgius,F.,Smith
Ludovicus,E.,Sullivan
Jacobus,,Welch
Joannes,J.,Crowley
Josephus,S.,Dinneen
Mauritius,L.,Ahern
Hieronymus,J.,Hurley
Eduardus,J.,Bauerlein
Franciscus,A.,Biniakiewicz
Franciscus,F.,Bowes
Josephus,,Byrne
Jacobus,F.,Callahan
Jacobus,F.,Carey
Gulielmus,E.,Carley
Thomas,,Crowley
Joannes,F.,Cummings
Matthaeus,,Devine
Antonius,,Gale
Michael,J.,Goergen
Ludovicus,,Kaiser
Thomas,,Lucki
Jacobus,,McNulty
Stanislaus,,Mul
Patritius,,Muldowney
Franciscus,,O'Kane
Jacobus,T.,O'Sullivan
Joannes,,Paffe
Emmanuel,S.,Reppert
Joannes,,Sheerin
David,J.,Conroy
Georgius,J.,Becker
Thomas,J.,Meehan
Thomas,,Moran
Adamus,,Wiacek
Petrus,,Dempsey
Franciscus,J.,Fehily
Mattingly,G.,Johnson
Abraham,J.,Emerick
Josephus,H.,Hann
Joannes,D.,Butler
Georgius,L.,Coyle
Daniel,P. A.,Crowley
Michael,,Earls
Eduardus,T.,Farrell
Joannes,M.,Fox
Fridericus,W.,Heaney
Joannes,C.,Keveney
Jacobus,F.,Leary
Joannes,F.,Lehy
Thomas,F.,McLoughlin
Franciscus,J.,McNiff
Jacobus,A.,Mullen
Gulielmus,C.,Nevils
Petrus,A.,Oates
Herbertus,J.,Parker
Albertus,,Peters
Franciscus,P.,Powers
Joannes,X.,Pyne
Patritius,,Rafferty
Fernandus,A.,Rousseau
Petrus,J.,Schweitzer
Robertus,,Swickerath
Ludovicus,S.,Weber
Gulielmus,R.,Cullen
Joannes,F.,Doherty
Joannes,F.,Duston
Joannes,P.,Gallagher
Godfridus,A.,Kaspar
Joannes,J.,Morris
Josephus,W.,Parsons
Eduinus,D.,Sanders
Clarentius,E.,Shaffrey
Ferdinandus,C.,Wheeler
Allanus,J.,Blake
Thomas,F.,Burns
Fridericus,W. A.,Freeman
Joannes,,Freeth
Franciscus,X.,Horwedel
Patritius,,McCarthy
Martinus,,Nestor
Henricus,,Probst
Hugo,,Reilly
Eugenius,A.,Rossi
Paulus,,Smith
Gulielmus,J.,Brooks
Augustus,J.,Duarte
Cemens,S.,Lancaster
Joannes,H.,Mulligan
Jacobus,A.,Noonan
Joannes,B.,Pittar
Gulielmus,J.,Quigley
Joannes,,Scully
Eduardus,J.,Sweeney
Joannes,A.,Dixon
Timotheus,J.,McCarthy
Gulielmus,H.,McClellan
Martinus,A.,Schmitt
Aloisius,B.,Wessling
Matthaeus,J.,Byrne
Jeremias,,Flaherty
Michael,,Habermann
Joannes,J.,O'Connell
Rochus,,Quattrocchi
Timotheus,B.,Barrett
Gulielmus,J.,Brosnan
Joannes,A.,Brosnan
Jacobus,A.,Cahill
Daniel,J. M.,Callahan
Henricus,T.,Casten
Henricus,A.,Coffey
Paulus,R.,Conniff
Antonius,C.,Cotter
Jacobus,F.,Dawson
Gualterus,,Drum
Gulielmus,J.,Duane
Carolus,J.,Hennessy
Michael,P.,Hill
Carolus,V.,Lamb
Joannes,T.,Langan
Joannes,J.,Lunny
Petrus,,Lutz
Hector,,Papi
Aloisius,,Romano
Josephus,M.,Woods
Franciscus,A.,Byrne
Thomas,B.,Chetwood
Patritius,S.,Cronin
Vincentius,M.,Dente
Eduardus,P.,Duffy
Josephus,F.,Ford
Thomas,Ang.,Iorio
Eugenius,T.,Kenedy
Fridericus,M.,Lupi
Josephus,A.,Murphy
Josephus,M.,Sorrentino
Eduardus,P.,Tivnan
Henricus,J.,Wessling
Gulielmus,,Benn
Martinus,,Burke
Thomas,,Clarke
Carolus,F.,Connor
David,C.,Cronin
Josephus,A.,Farrell
Jacobus,G.,Keyes
Fortunatus,,Laurendeau
Franciscus,P.,LeBuffe
Ludovicus,,Ott
Ricardus,R.,Ranken
Daniel,,Reidy
Timotheus,F.,Scanlan
Leo,,Simpson
Gulielmus,S. F.,Dolan
Franciscus,J.,Dore
Franciscus,X.,Entz
Michael,F.,Fitzpatrick
Franciscus,J.,Glover
Josephus,S.,Hogan
Henricus,B.,Kelly
Zachaeus,,Maher
Joannes,J.,McCloskey
Vincentius,A.,McCormick
Joannes,P.,Meagher
Joannes,A.,Morning
Carolus,,O'Brien
Achilles,,Rousseau
Franciscus,X.,Siggins
Edmundus,A.,Walsh
Josephus,J.,Ayd
Fridericus,,Boehm
Franciscus,,Cavey
Dominicus,A.,Cirigliano
Michael,A.,Clark
Ignatius,W.,Cox
Antonius,,Galin
Petrus,J.,Halpin
Ludovicus,J.,Haubert
Joannes,M.,Jacobs
Josephus,M.,Kelley
Gregorius,G.,Kiehne
Carolus,A.,Kleinmeyer
Thomas,R.,Martin
Junius,A.,McGehee
Ludovicus,,O'Brien
Cemens,R.,Risacher
Samuel,J.,Robb
Joannes,H.,Schieswohl
Vedastus,M.,Valerio
Michael,,Cronin
Timotheus,,Cronin
Gulielmus,J.,Fitzgerald
Robertus,,Libertini
Joannes,G.,Mahoney
Vincentius,S.,McDonough
Audoenus,S.,Murphy
Ferdinandus,A.,Muth
Josephus,,Sullivan
Petrus,M.,Telese
Geraldus,C.,Treacy
Ludovicus,J.,Voung
Franciscus,A.,Breen
Josephus,A.,Canning
Felix,,Clarkson
Hugo,A.,Dalton
Gulielmus,L.,Desnoes
Gulielmus,F.,Downing
Petrus,J. A.,Farrell
Josephus,L.,Healy
Gulielmus,A.,McCartney
Jacobus,L.,McGovern
Pius,,Moore
Joannes,Jac.,O'Connor
Josephus,,Vives
Daniel,I.,Cronin
Eugenius,B.,Cummings
Joannes,P.,Fitzpatrick
Leo,I.,Hargadon
Aloisius,T.,Higgins
Daniel,J.,Lynch
Josephus,J.,Mereto
Joannes,J.,Murphy
Attilius,H.,Raines
Eduardus,,Ryan
Joannes,,Villalonga
Josephus,A.,Huefner
Josephus,A.,Manning
Eduardus,A.,McNamara
Daniel,J.,Stack
Daniel,F.,Creeden
Hugo,E.,Bevins
Georgius,D.,Bull
Januarius,,Casolaro
Sanctus,J.,Catalano
Benedictus,,Chisholm
Terentius,L.,Connolly
Gulielmus,V.,Corliss
Jacobus,G.,Daly
Atlee,F. X.,Devereux
Andreas,S.,Dimichino
Gabinus,,Egana
Joannes,A.,Frisch
Josephus,C.,Glose
Gregorius,,Goni
Jacobus,,Greely
Andreas,A.,Hofmann
Aloisius,J.,Hogan
Robertus,E.,Holland
Franciscus,G.,Kempel
Ronaldus,,MacDonald
Josephus,F.,MacDonnell
Eugenius,A.,Martin
Petrus,H.,Masterson
Joannes,,McAuley
Gulielmus,J.,McEntee
Henricus,P.,McGlinchey
Josephus,J.,McGowan
Ludovicus,E.,McKay
Paulus,A.,McNally
Mauritius,A.,Mudd
Aloisius,,Mulry
Joannes,C.,O'Connell
Carolus,,Quirk
Joannes,A.,Risacher
Albertus,,Roy
Stephanus,J.,Rudtke
Gulielmus,,Ruggeri
Gulielmus,A.,Schmitt
Antonius,,Schweitzer
Benedictus,,Serrano
Eduardus,S.,Swift
Gulielmus,A.,Whalen
Berchmans,J.,Boland
Franciscus,E.,Bowen
Vachel,J.,Brown
Thomas,A.,Donoghue
Gulielmus,V.,Doyle
Rudolphus,J.,Eichhorn
Josephus,A.,Fennell
Aloisius,E.,Fuller
Joannes,H.,Gampp
Hezekias,C.,Greenwell
Hugo,S.,Healy
Gulielmus,,Kearney
Aloisius,B.,Langguth
Thomas,J.,Love
Josephus,L.,Lucas
Franciscus,E.,Lucey
Carolus,,Maring
Joannes,T.,McGrory
Gulielmus,F.,McHale
Raymundus,J.,McInnis
Hugo,J.,McLaughlin
Leonardus,A.,Murphy
Jacobus,V.,O'Neill
Robertus,A.,Parsons
Gulielmus,,Reed
Carolus,M.,Roddy
Daniel,H.,Sullivan
Ludovicus,A.,Wheeler
Gulielmus,,Vancey
Joannes,P.,Barnes
Georgius,W.,Black
Gulielmus,P.,Brown
Gualterus,,Burns
Michael,,Campana
Josephus,F.,Carroll
Eduardus,P.,Cerrute
Gulielmus,J.,Cohill
Josephus,K.,Countie
David,A.,Daly
Joannes,A.,Daly
Joannes,,Deignan
Carolus,E.,Deppermann
Thomas,F.,Gallagher
Joannes,J.,Heenan
Gualterus,L.,Judge
Jacobus,H.,Kearney
Alfredus,F.,Kienle
Franciscus,E.,Low
Joannes,E.,Lyons
Daniel,P.,Mahoney
Joannes,V.,Matthews
Franciscus,M.,McEntee
Eduinus,,McFadden
Joannes,W.,Moran
Josephus,T.,Murphy
Thomas,J.,Murray
Josephus,,O'Loughlin
Thomas,I.,O'Malley
Jacobus,L.,O'Neill
Martinus,J.,O'Shaughnessy
Carolus,,Palacio
Laurentius,K.,Patterson
Bartholomaeus,,Quinn
Haroldus,A.,Reilly
Joannes,F.,Shea
Joannes,P.,Smith
Josephus,J.,Sullivan
Laurentius,,Toups
Leo,A.,Weber
Augustus,,Abram
Carolus,,Abram
Joannes,,Clarke
Gulielmus,J.,Coffey
Martinus,,Fitzpatrick
Joannes,,Foster
Bernardus,,Gaffney
Eduardus,A.,Graham
Patritius,,Hagerty
Jacobus,,Harrington
Joannes,P.,Himmelreicher
Gulielmus,,McElaney
Daniel,A.,McLaughlin
Joannes,,McMullan
Joannes,J.,McShea
Thomas,,Murray
Joannes,,O'Connell
Aloisius,,O'Leary
Andreas,,O'Reilly
Orestes,,Pinamonti
Laurentius,,Ritter
Audoenus,,Thompson
Josephus,I.,Fink
Franciscus,S.,Howle
Josephus,A.,Keller
Jacobus,V.,Kelly
Franciscus,H.,Kreis
Patritius,F. X.,Mulry
Gulielmus,F.,O'Hare
Milesius,J.,O'Mailia
Joannes,A.,Pfister
Bernardus,H.,Pohlmann
Mauritius,E.,Prendergast
Michael,J.,Sheehy
Jacobus,L.,Smith
Alphonsus,,Weis
Henricus,L.,Fieth
Gulielmus,,Hughes
Franciscus,X.,Pilliod
Fridericus,,Grewen
Petrus,,Kayser
Jeremias,M.,Prendergast
Josephus,J.,Williams
A. J.,Elder,Mullan
Carolus,B.,Macksey
Joannes,J.,O'Rourke
Demetrius,,Zema
Gulielmus,M.,McDonough
Joannes,J.,Thompkins
Jacobus,A.,Rockliff
Thomas,J.,Campbell
Georgius,F.,McDonald
Eduardus,A.,Sullivan
Franciscus,L.,Andries
Franciscus,X.,Daly
Stephanus,,Bueno
Marcus,J.,McNeal